"NBA LIVE Companion",books_and_reference,"1.0.0.1","Sep 21 2015","Android 4.4+",42.3 MB,"ELECTRONIC ARTS",null
"XMOD Games Pro",books_and_reference,"2.0","Oct 04 2015","Android 2.3.2+",1.1 MB,"Drone Apps",https://download.apkpure.com/c/APK/427/0116f2c85c95f3d1?fn=XMOD%20Games%20Pro_v2.0_apkpure.com.apk&k=dcdaa96a5c069d8da1d91a7edd792af05724c38a&p=com.drone.xmodgamespro&c=1%7CBOOKS_AND_REFERENCE
"King Pro Root",books_and_reference,"1.0","Dec 10 2015","Android 2.3.2+",1.8 MB,"My Dev",https://download.apkpure.com/c/APK/558/012206c02fe2bc2c?fn=King%20Pro%20Root_v1.0_apkpure.com.apk&k=d99b2928f2ca1c3209637cb051cdded95724c38a&p=net.mydev.kingproroot&c=1%7CBOOKS_AND_REFERENCE
"Wattpad - Free Books & Stories",books_and_reference,"6.18.2","Apr 22 2016","Android 4.0.3+",12.6 MB,"Wattpad.com",https://download.apkpure.com/c/APK/1213/018cd003f90b8233?fn=Wattpad%20Free%20Books%20Stories_v6.18.2_apkpure.com.apk&k=0b617fdf1ee0e5c10ecd04bbfc7dbf175724c38a&p=wp.wattpad&c=1%7CBOOKS_AND_REFERENCE
"Oxford Dictionary of English",books_and_reference,"5.1.056","Apr 19 2016","Android 4.0+",14.4 MB,"MobiSystems",https://download.apkpure.com/c/APK/1198/0186234c41511ac7?fn=Oxford%20Dictionary%20of%20English_v5.1.056_apkpure.com.apk&k=2447c7e7252deab07b8867251754fc215724c38a&p=com.mobisystems.msdict.embedded.wireless.oxford.dictionaryofenglish&c=1%7CBOOKS_AND_REFERENCE
"Wikipedia",books_and_reference,"2.1.143-r-2016-03-16","Mar 23 2016","Android 4.0.3+",13.1 MB,"Wikimedia Foundation",https://download.apkpure.com/c/APK/1022/0155856d824a56f2?fn=Wikipedia_v2.1.143-r-2016-03-16_apkpure.com.apk&k=6c9af1ea501a9c8da888def11d6558855724c38a&p=org.wikipedia&c=1%7CBOOKS_AND_REFERENCE
"القرآن الكريم كامل بدون انترنت",books_and_reference,"4.0","Sep 22 2015","Android 2.3.2+",47.6 MB,"simppro",https://download.apkpure.com/c/APK/436/01183551a0920bc9?fn=%D8%A7%D9%84%D9%82%D8%B1%D8%A2%D9%86%20%D8%A7%D9%84%D9%83%D8%B1%D9%8A%D9%85%20%D9%83%D8%A7%D9%85%D9%84%20%D8%A8%D8%AF%D9%88%D9%86%20%D8%A7%D9%86%D8%AA%D8%B1%D9%86%D8%AA_v4.0_apkpure.com.apk&k=432577113b88e9266d5001ff17f42d2a5724c38a&p=com.simppro.quran.offline&c=1%7CBOOKS_AND_REFERENCE
"Dictionary - Merriam-Webster",books_and_reference,"3.1.6","Feb 17 2016","Android 2.3.4+",29.1 MB,"Merriam-Webster Inc.",https://download.apkpure.com/c/APK/797/013ec09bef42ee7f?fn=Dictionary%20Merriam%20Webster_v3.1.6_apkpure.com.apk&k=4918bf02981d8601432b5690143198595724c38a&p=com.merriamwebster&c=1%7CBOOKS_AND_REFERENCE
"Amazon Kindle",books_and_reference,"4.22.0.165","Apr 14 2016","Android 4.1+",48.4 MB,"Amazon Mobile LLC",https://download.apkpure.com/c/APK/1173/017e69398e82ea7a?fn=Amazon%20Kindle_v4.22.0.165_apkpure.com.apk&k=58cfd4bf697a859af0eb9c3cbfab87595724c38a&p=com.amazon.kindle&c=1%7CBOOKS_AND_REFERENCE
"Pokemon Go",books_and_reference,"1.0","Feb 03 2016","Android 4.0.3+",5.2 MB,"aoaolover",https://download.apkpure.com/c/APK/676/0135120f05049d80?fn=Pokemon%20Go_v1.0_apkpure.com.apk&k=b43b721c9cb6ad691cee0898703f22e65724c38a&p=com.kbndfkmn.lbmlpd&c=1%7CBOOKS_AND_REFERENCE
"English Dictionary - Offline",books_and_reference,"3.0","Feb 05 2016","Android 2.3.4+",20.8 MB,"Livio",https://download.apkpure.com/c/APK/724/0135e751fad95058?fn=English%20Dictionary%20Offline_v3.0_apkpure.com.apk&k=f9238ffed1ede584a4181c39ee4e697c5724c38a&p=livio.pack.lang.en_US&c=1%7CBOOKS_AND_REFERENCE
"PDF Reader",books_and_reference,"4.5","Jul 08 2015","Android 2.3.2+",5.9 MB,"pickwick santa",https://download.apkpure.com/c/APK/260/010af30a264275ee?fn=PDF%20Reader_v4.5_apkpure.com.apk&k=80f381d413e3add06137c09d3729451f5724c38a&p=pdf.reader&c=1%7CBOOKS_AND_REFERENCE
"القرآن كامل بدون انترنت",books_and_reference,"4.0","Sep 22 2015","Android 2.3.2+",30.4 MB,"simppro",https://download.apkpure.com/c/APK/435/011833756be2f7cc?fn=%D8%A7%D9%84%D9%82%D8%B1%D8%A2%D9%86%20%D9%83%D8%A7%D9%85%D9%84%20%D8%A8%D8%AF%D9%88%D9%86%20%D8%A7%D9%86%D8%AA%D8%B1%D9%86%D8%AA_v4.0_apkpure.com.apk&k=d966fbc5a6d1e355f87cc8e4afdb449a5724c38a&p=com.maher4web.quran&c=1%7CBOOKS_AND_REFERENCE
"Bible",books_and_reference,"6.5.1","Apr 22 2016","Android 3.0+",13.2 MB,"Life.Church",https://download.apkpure.com/c/APK/718/013a47b4390f4596?fn=Bible_v6.5.1_apkpure.com.apk&k=2f5f03dbd4cda1328136cebb1a59959e5724c38a&p=com.sirma.mobile.bible.android&c=1%7CBOOKS_AND_REFERENCE
"Root Android™ without PC",books_and_reference,"2.0","Apr 04 2016","Android 4.0.3+",5.9 MB,"QuillApps",https://download.apkpure.com/c/APK/1093/016b6bfd95661681?fn=Root%20Android%E2%84%A2%20without%20PC_v2.0_apkpure.com.apk&k=f40f63b4334dcb61400268bc26c3e8605724c38a&p=com.quillapps.root.android.without.computer&c=1%7CBOOKS_AND_REFERENCE
"Google Play Books",books_and_reference,"3.8.15","Apr 21 2016","Android 4.0+",10.0 MB,"Google Inc.",https://download.apkpure.com/c/APK/1216/018b515dbdbcaeae?fn=Google%20Play%20Books_v3.8.15_apkpure.com.apk&k=fa5fed6ae7988e09c7b5b9664243d96b5724c38a&p=com.google.android.apps.books&c=1%7CBOOKS_AND_REFERENCE
"Moon+ Reader",books_and_reference,"3.5.0","Apr 20 2016","Android 2.3.2+",9.6 MB,"Moon+",https://download.apkpure.com/c/APK/1207/018877af1d7fc03e?fn=Moon%20Reader_v3.5.0_apkpure.com.apk&k=0610b40b8c8ba615611e3062530836515724c38a&p=com.flyersoft.moonreader&c=1%7CBOOKS_AND_REFERENCE
"Al-Quran (Free)",books_and_reference,"3.0.7","Dec 26 2015","Android 4.0+",6.0 MB,"ISYSWAY",https://download.apkpure.com/c/APK/723/012d3bd02b342807?fn=Al%20Quran%20Free_v3.0.7_apkpure.com.apk&k=e1c71ca77f94b93e30a20c33498a12e85724c38a&p=com.isysway.free.alquran&c=1%7CBOOKS_AND_REFERENCE
"English Arabic Dictionary",books_and_reference,"4.3.6","Apr 21 2016","Android 4.0.3+",4.5 MB,"Xung Le",null
"Kingo Pro Root",books_and_reference,"1.0","Dec 09 2015","Android 2.3.2+",2.0 MB,"My Dev",https://download.apkpure.com/c/APK/542/01209804df240a7a?fn=Kingo%20Pro%20Root_v1.0_apkpure.com.apk&k=0d56e5b2ad3919631f0e9b7b9e9900925724c38a&p=net.smart.kingoproroot&c=1%7CBOOKS_AND_REFERENCE
"Frama Root Pro",books_and_reference,"1.0","Dec 10 2015","Android 2.3.2+",2.2 MB,"My Dev",https://download.apkpure.com/c/APK/559/0121e19201f61da6?fn=Frama%20Root%20Pro_v1.0_apkpure.com.apk&k=eda0a25f101f37eccbef3b2d9ca552125724c3f7&p=net.smart.framaproroot&c=1%7CBOOKS_AND_REFERENCE
"Quran for Android",books_and_reference,"2.7.0-p1","Jan 25 2016","Android 4.0+",2.2 MB,"quran.com",https://download.apkpure.com/c/APK/622/01312b5c11753700?fn=Quran%20for%20Android_v2.7.0-p1_apkpure.com.apk&k=1235274e6b963fd5805c843a0b273faa5724c3f7&p=com.quran.labs.androidquran&c=1%7CBOOKS_AND_REFERENCE
"French Dictionary - Offline",books_and_reference,"3.0","Feb 25 2016","Android 2.3.4+",25.7 MB,"Livio",https://download.apkpure.com/c/APK/189/f1e8e17dc0fc69?fn=French%20Dictionary%20Offline_v3.0_apkpure.com.apk&k=8c340040c5f25c59443165dbffbd15225724c3f7&p=livio.pack.lang.fr_FR&c=1%7CBOOKS_AND_REFERENCE
"FBReader: Favorite Book Reader",books_and_reference,"2.6.13","Apr 03 2016","Android 3.0+",5.9 MB,"FBReader.ORG Limited",https://download.apkpure.com/c/APK/1094/016aee41b5e2eb95?fn=FBReader%20Favorite%20Book%20Reader_v2.6.13_apkpure.com.apk&k=782e1e8042900e07c5da2230501fd23f5724c3f7&p=org.geometerplus.zlibrary.ui.android&c=1%7CBOOKS_AND_REFERENCE
"Xmod Pro For Coc",books_and_reference,"1.2","Sep 22 2015","Android 2.3.2+",2.8 MB,"KnowApp",https://download.apkpure.com/c/APK/458/0119a5da7f1badb9?fn=Xmod%20Pro%20For%20Coc_v1.2_apkpure.com.apk&k=fae355a55aef794592c134054671d55a5724c3f7&p=com.know.xmodproforcoc&c=1%7CBOOKS_AND_REFERENCE
"Offline dictionaries",books_and_reference,"3.2.1","Sep 29 2015","Android 3.0+",3.1 MB,"NGHS.fr",https://download.apkpure.com/c/APK/959/014e4e7c4234f4d8?fn=Offline%20dictionaries_v3.2.1_apkpure.com.apk&k=d80fca4b8315595d96602e3597cf66a85724c3f7&p=fr.nghs.android.dictionnaires&c=1%7CBOOKS_AND_REFERENCE
"القرآن مع التفسير بدون انترنت",books_and_reference,"4.0","Sep 22 2015","Android 2.3.2+",48.9 MB,"simppro",https://download.apkpure.com/c/APK/405/0116160aa86efc76?fn=%D8%A7%D9%84%D9%82%D8%B1%D8%A2%D9%86%20%D9%85%D8%B9%20%D8%A7%D9%84%D8%AA%D9%81%D8%B3%D9%8A%D8%B1%20%D8%A8%D8%AF%D9%88%D9%86%20%D8%A7%D9%86%D8%AA%D8%B1%D9%86%D8%AA_v4.0_apkpure.com.apk&k=71e1b2e9ceb1950e430793a37c1f8d235724c3f7&p=com.simppro.quran.tafseer.offline&c=1%7CBOOKS_AND_REFERENCE
"JW Library",books_and_reference,"1.6.2","Apr 06 2016","Android 4.0+",52.2 MB,"Jehovah's Witnesses",https://download.apkpure.com/c/APK/1122/016eb71cd29a5405?fn=JW%20Library_v1.6.2_apkpure.com.apk&k=775d70aeda81c4edc8142915a040eda35724c3f7&p=org.jw.jwlibrary.mobile&c=1%7CBOOKS_AND_REFERENCE
"King James Bible (KJV)",books_and_reference,"2.69","Apr 05 2016","Android 3.0+",10.2 MB,"Warp Studios",https://download.apkpure.com/c/APK/1122/016deba07e0dda4d?fn=King%20James%20Bible%20KJV_v2.69_apkpure.com.apk&k=a9a7b3eb9d6b3bab07bb677061fe068a5724c3f7&p=com.azwstudios.theholybible.kjv&c=1%7CBOOKS_AND_REFERENCE
"Dictionary.com",books_and_reference,"5.2.2","Nov 18 2015","Android 2.3.2+",7.0 MB,"Dictionary.com, LLC",https://download.apkpure.com/c/APK/319/010e680d9f7dba7a?fn=Dictionary%20com_v5.2.2_apkpure.com.apk&k=3a15cf767dc6d0e6be9a7156f62024e95724c3f7&p=com.dictionary&c=1%7CBOOKS_AND_REFERENCE
"القرآن الكريم كامل مع التفسير",books_and_reference,"4.0","Sep 22 2015","Android 2.3.2+",35.6 MB,"simppro",https://download.apkpure.com/c/APK/421/011628e01a079910?fn=%D8%A7%D9%84%D9%82%D8%B1%D8%A2%D9%86%20%D8%A7%D9%84%D9%83%D8%B1%D9%8A%D9%85%20%D9%83%D8%A7%D9%85%D9%84%20%D9%85%D8%B9%20%D8%A7%D9%84%D8%AA%D9%81%D8%B3%D9%8A%D8%B1_v4.0_apkpure.com.apk&k=a0324ea66ef71b80aba90c07c2411eac5724c3f7&p=com.simppro.quran&c=1%7CBOOKS_AND_REFERENCE
"카카오페이지-웹툰,웹소설,만화,무협,로맨스",books_and_reference,"4.0.3.875","Apr 19 2016","Android 2.3.2+",14.0 MB,"Kakao Corporation",https://download.apkpure.com/c/APK/1197/0186216b929be3ef?fn=%EC%B9%B4%EC%B9%B4%EC%98%A4%ED%8E%98%EC%9D%B4%EC%A7%80%20%EC%9B%B9%ED%88%B0%20%EC%9B%B9%EC%86%8C%EC%84%A4%20%EB%A7%8C%ED%99%94%20%EB%AC%B4%ED%98%91%20%EB%A1%9C%EB%A7%A8%EC%8A%A4_v4.0.3.875_apkpure.com.apk&k=97d1d54aa28c0dba96ab06e4831731be5724c3f7&p=com.kakao.page&c=1%7CBOOKS_AND_REFERENCE
"Aldiko Book Reader",books_and_reference,"3.0.24","Apr 22 2016","Android 2.3.2+",15.0 MB,"Aldiko Limited",https://download.apkpure.com/c/APK/815/014210a4984ff6a7?fn=Aldiko%20Book%20Reader_v3.0.24_apkpure.com.apk&k=8f210e087ef543d9a4db431adb86aaf25724c3f7&p=com.aldiko.android&c=1%7CBOOKS_AND_REFERENCE
"أهم 50 كتاباً في علم النفس",books_and_reference,"2.0","May 27 2014","Android 2.2+",27.3 MB,"Books4Read",https://download.apkpure.com/c/APK/330/010f9dbe4fbf6705?fn=%D8%A3%D9%87%D9%85%2050%20%D9%83%D8%AA%D8%A7%D8%A8%D8%A7%D9%8B%20%D9%81%D9%8A%20%D8%B9%D9%84%D9%85%20%D8%A7%D9%84%D9%86%D9%81%D8%B3_v2.0_apkpure.com.apk&k=ef1980ba6dd3a167503f13fee978a0c05724c3f7&p=com.book4read.book31&c=1%7CBOOKS_AND_REFERENCE
"Bangla Dictionary",books_and_reference,"Neon","Jan 24 2016","Android 2.3.2+",17.8 MB,"BAPPI",https://download.apkpure.com/c/APK/624/0130568bee78bf4c?fn=Bangla%20Dictionary_vNeon_apkpure.com.apk&k=7a41f0780d698407c685185227066d545724c3f7&p=com.dictionary.bn&c=1%7CBOOKS_AND_REFERENCE
"Kamus Inggris (Kamusku)",books_and_reference,"6.0.6","Apr 01 2016","Android 4.0+",8.3 MB,"Kodelokus Cipta Aplikasi",https://download.apkpure.com/c/APK/1085/0166a732f2b68c01?fn=Kamus%20Inggris%20Kamusku_v6.0.6_apkpure.com.apk&k=69e186296fb721b1bd1690fabf9e43d35724c3f7&p=com.dridev.kamusku&c=1%7CBOOKS_AND_REFERENCE
"Universal Book Reader",books_and_reference,"3.0.638","Jan 08 2016","Android 3.0+",21.1 MB,"MobiSystems",https://download.apkpure.com/c/APK/658/012ab9d98678a041?fn=Universal%20Book%20Reader_v3.0.638_apkpure.com.apk&k=9c59bf877a35dc65c85d59012b8ab2d55724c3f7&p=com.mobisystems.ubreader_west&c=1%7CBOOKS_AND_REFERENCE
"Al'Quran Bahasa Indonesia",books_and_reference,"3.9.2","Dec 04 2015","Android 2.3.2+",9.8 MB,"MartinVillar.com",https://download.apkpure.com/c/APK/527/011f3e0b9667fb05?fn=Al%20Quran%20Bahasa%20Indonesia_v3.9.2_apkpure.com.apk&k=20a9865a797ddbbf09306e0c30ffd8115724c3f7&p=com.martinvillar.android.quranindonesia&c=1%7CBOOKS_AND_REFERENCE
"FHX Clash of Clans 2016",books_and_reference,"1.4.2","Jan 22 2016","Android 2.3.4+",2.9 MB,"bestArt",https://download.apkpure.com/c/APK/650/012fc8cf91cb2b96?fn=FHX%20Clash%20of%20Clans%202016_v1.4.2_apkpure.com.apk&k=1fd4b9fd6cd61718ac25d21e41fe9f665724c3f7&p=com.base.fhx&c=1%7CBOOKS_AND_REFERENCE
"King Root - Root All Devices",books_and_reference,"1.0","Mar 21 2016","Android 2.3.2+",1.8 MB,"My Team",https://download.apkpure.com/c/APK/983/014fbced97744102?fn=King%20Root%20Root%20All%20Devices_v1.0_apkpure.com.apk&k=29d9e54080d6febfc0279a6ff5cb6cb95724c3f7&p=net.krisna.kingroot&c=1%7CBOOKS_AND_REFERENCE
"Dictionary - WordWeb",books_and_reference,"3.2","Dec 15 2015","Android 2.2+",29.9 MB,"WordWeb Software",https://download.apkpure.com/c/APK/555/012228bc1cf088c2?fn=Dictionary%20WordWeb_v3.2_apkpure.com.apk&k=9110e7a47d270010f10f65ca42166c755724c448&p=com.wordwebsoftware.android.wordweb&c=1%7CBOOKS_AND_REFERENCE
"X MOD for Coc",books_and_reference,"1.2","Sep 18 2015","Android 2.3.2+",2.8 MB,"KnowApp",https://download.apkpure.com/c/APK/436/01184806bf211537?fn=X%20MOD%20for%20Coc_v1.2_apkpure.com.apk&k=61948854d70c2f6fd03f8d9189c55e615724c448&p=com.know.xmodforcoc&c=1%7CBOOKS_AND_REFERENCE
"Le Conjugueur",books_and_reference,"2.32","Jan 21 2016","Android 2.3.2+",3.6 MB,"Brewalan Le Dru",https://download.apkpure.com/c/APK/671/012f64f5c740bd58?fn=Le%20Conjugueur_v2.32_apkpure.com.apk&k=30fbd78c925335b9a4a059689a4402355724c448&p=com.leconjugueur.droid&c=1%7CBOOKS_AND_REFERENCE
"Hacking Tutorials 2.0",books_and_reference,"2.0.05","Feb 21 2015","Android 4.0.3+",5.5 MB,"Xeus",https://download.apkpure.com/c/APK/260/010af37c934d4c70?fn=Hacking%20Tutorials%202%200_v2.0.05_apkpure.com.apk&k=814a0afa81e7f49104cc4d1f744a566c5724c448&p=x.abcd&c=1%7CBOOKS_AND_REFERENCE
"네이버 - NAVER",books_and_reference,"7.0.1","Apr 11 2016","Android 2.3.4+",11.9 MB,"NAVER Corp.",https://download.apkpure.com/c/APK/1150/01774a4e70ac24bb?fn=%EB%84%A4%EC%9D%B4%EB%B2%84%20NAVER_v7.0.1_apkpure.com.apk&k=67b4394df08ca5355466df37686f4e2f5724c448&p=com.nhn.android.search&c=1%7CBOOKS_AND_REFERENCE
"Yaqut - Free Arabic eBooks",books_and_reference,"4.0 (4008)","Mar 31 2016","Android 2.3.4+",6.3 MB,"Yaqut",https://download.apkpure.com/c/APK/1072/0164b907ef2066fc?fn=Yaqut%20Free%20Arabic%20eBooks_v4.0%20(4008)_apkpure.com.apk&k=0b8c78a34fb462f2b69359a5f3f31f015724c448&p=co.yaqut.app&c=1%7CBOOKS_AND_REFERENCE
"المكتبة الشاملة",books_and_reference,"9.5","Feb 17 2015","Android 2.3.4+",16.0 MB,"Shamela.ws",https://download.apkpure.com/c/APK/289/010c105c49dbe06f?fn=%D8%A7%D9%84%D9%85%D9%83%D8%AA%D8%A8%D8%A9%20%D8%A7%D9%84%D8%B4%D8%A7%D9%85%D9%84%D8%A9_v9.5_apkpure.com.apk&k=ad7430187a7234ab1b1acaf5e8f7fc1a5724c448&p=shamela.ws&c=1%7CBOOKS_AND_REFERENCE
"Cool Reader",books_and_reference,"3.1.2-102","Jul 17 2015","Android 1.5+",3.6 MB,"Vadim Lopatin",https://download.apkpure.com/c/APK/870/01481c6d25561b88?fn=Cool%20Reader_v3.1.2-102_apkpure.com.apk&k=b97f887cd7d7462b1a14003739c486925724c448&p=org.coolreader&c=1%7CBOOKS_AND_REFERENCE
"Al Quran Indonesia",books_and_reference,"2.5.67","Apr 01 2016","Android 2.3.4+",10.9 MB,"Andi Unpam",https://download.apkpure.com/c/APK/1084/01685993d1090fdb?fn=Al%20Quran%20Indonesia_v2.5.67_apkpure.com.apk&k=487887808d59fa74f87e2fa8417d9cd75724c448&p=com.andi.alquran.id&c=1%7CBOOKS_AND_REFERENCE
"Ebook Reader",books_and_reference,"4.1.2","Apr 19 2016","Android 3.0+",16.5 MB,"eBooks.com",https://download.apkpure.com/c/APK/820/0143b10bea0c69fb?fn=Ebook%20Reader_v4.1.2_apkpure.com.apk&k=ca5f1431ddd79a3dc6b980d4174b21955724c448&p=com.ebooks.ebookreader&c=1%7CBOOKS_AND_REFERENCE
"Xmod Root",books_and_reference,"1.4","Jan 30 2016","Android 2.3.2+",2.8 MB,"Genius-app",https://download.apkpure.com/c/APK/620/0132af06c85c4aa3?fn=Xmod%20Root_v1.4_apkpure.com.apk&k=d21d3e6840cc0069c323b6df420d93b05724c448&p=com.xmod.xmodroot&c=1%7CBOOKS_AND_REFERENCE
"iKamasutra® Lite Sex Positions",books_and_reference,"3.1.12","Mar 03 2016","Android 2.2+",28.7 MB,"SutraTaps",https://download.apkpure.com/c/APK/236/010603b568007ee5?fn=iKamasutra%C2%AE%20Lite%20Sex%20Positions_v3.1.12_apkpure.com.apk&k=66b064736a62761be726b404291c209d5724c448&p=com.lovekamasutra.ikamasutralite&c=1%7CBOOKS_AND_REFERENCE
"Bible Offline",books_and_reference,"5.4.4","Dec 24 2015","Android 4.0.3+",10.1 MB,"MrRocco",https://download.apkpure.com/c/APK/589/0124d1f4fe355d4b?fn=Bible%20Offline_v5.4.4_apkpure.com.apk&k=725d253e3ba35d0b87429b299d4b93925724c448&p=com.bestweatherfor.bibleoffline_pt_ra&c=1%7CBOOKS_AND_REFERENCE
"CAC HYMNAL",books_and_reference,"1.0","Aug 01 2015","Android 4.1+",4.7 MB,"OgatAndroid",https://download.apkpure.com/c/APK/387/011440b620de6017?fn=CAC%20HYMNAL_v1.0_apkpure.com.apk&k=7b9c9b57f63778f506c103dd757c98e35724c448&p=com.tago.cachymn&c=1%7CBOOKS_AND_REFERENCE
"Golden Dictionary (EN-AR)",books_and_reference,"6.1.1.5","Mar 22 2016","Android 2.3.2+",6.4 MB,"Golden-Soft",https://download.apkpure.com/c/APK/1000/01518fd978d32594?fn=Golden%20Dictionary%20EN%20AR_v6.1.1.5_apkpure.com.apk&k=7751e5d35061d5cb4902deaffe4c821d5724c448&p=com.goldensoft.dictionaryenfree&c=1%7CBOOKS_AND_REFERENCE
"Santa Biblia Reina Valera 1960",books_and_reference,"1.3.3","May 15 2015","Android 2.3.2+",4.2 MB,"ThisTrueApp",https://download.apkpure.com/c/APK/287/010c104960ea6193?fn=Santa%20Biblia%20Reina%20Valera%201960_v1.3.3_apkpure.com.apk&k=a02f28710ab71e9db9fdc99ab0892c805724c448&p=org.thistrueapp.biblia&c=1%7CBOOKS_AND_REFERENCE
"EBook Reader & PDF Reader",books_and_reference,"1.6.3.7","Dec 17 2015","Android 2.2+",5.1 MB,"Litter Penguin",https://download.apkpure.com/c/APK/564/0122fa004b24402f?fn=EBook%20Reader%20PDF%20Reader_v1.6.3.7_apkpure.com.apk&k=0fa05851ab42c6acf201d794b4bb28985724c448&p=books.ebook.pdf.reader&c=1%7CBOOKS_AND_REFERENCE
"MyQuran Al Quran Indonesia",books_and_reference,"4.1.8","Apr 07 2016","Android 2.3.2+",14.3 MB,"the WALi studio",https://download.apkpure.com/c/APK/1137/01728a10b3b53433?fn=MyQuran%20Al%20Quran%20Indonesia_v4.1.8_apkpure.com.apk&k=f0a31fa9e14dc0b40615e8e2124cb29d5724c448&p=com.tof.myquranina&c=1%7CBOOKS_AND_REFERENCE
"PocketBook - PDF, EPUB reader",books_and_reference,"1.21.11899.release","Dec 16 2015","Android 2.2+",23.9 MB,"Obreey Products",https://download.apkpure.com/c/APK/560/012265aab2a3a7f6?fn=PocketBook%20PDF%20EPUB%20reader_v1.21.11899.release_apkpure.com.apk&k=96cfedc0370d3e8441253fe9c462f52c5724c448&p=com.obreey.reader&c=1%7CBOOKS_AND_REFERENCE
"Gems for Clash of Clans",books_and_reference,"2.0","Nov 09 2015","Android 4.0+",1.8 MB,"Unlimited Gems Media",https://download.apkpure.com/c/APK/513/011e4ae904358d33?fn=Gems%20for%20Clash%20of%20Clans_v2.0_apkpure.com.apk&k=a0e02ce21fa54be2ddd516069104953f5724c448&p=com.gemsgems.cheatsforcoc&c=1%7CBOOKS_AND_REFERENCE
"Cheat codes Beta",books_and_reference,"1.4","Dec 22 2015","Android 3.2+",5.1 MB,"Horror & Supernatural Comics",https://download.apkpure.com/c/APK/587/012479b2d375768a?fn=Cheat%20codes%20Beta_v1.4_apkpure.com.apk&k=b1f08e01c006cb73d4508887afb2d8985724c4f2&p=com.app.helper&c=1%7CBOOKS_AND_REFERENCE
"The French Bible -Offline",books_and_reference,"2.0","Oct 30 2015","Android 2.3.2+",7.3 MB,"SOFTCRAFT",https://download.apkpure.com/c/APK/261/010aee041e61ca80?fn=The%20French%20Bible%20Offline_v2.0_apkpure.com.apk&k=5e4332f4bc68514c1417e25dda189df65724c4f2&p=com.softcraft.frenchbible&c=1%7CBOOKS_AND_REFERENCE
"صحيح البخاري",books_and_reference,"3.1","Mar 28 2016","Android 2.3.2+",24.7 MB,"Al-Reda Apps",https://download.apkpure.com/c/APK/1053/015f744ef4366380?fn=%D8%B5%D8%AD%D9%8A%D8%AD%20%D8%A7%D9%84%D8%A8%D8%AE%D8%A7%D8%B1%D9%8A_v3.1_apkpure.com.apk&k=6cdda21d2f46ea6a4b6f02c76493de1f5724c4f2&p=com.reda.sahihbukhari&c=1%7CBOOKS_AND_REFERENCE
"Swahili Bible, Biblia Takatifu",books_and_reference,"1.0","Dec 12 2014","Android 2.1+",2.4 MB,"EthioApps",https://download.apkpure.com/c/APK/335/011062244a9f0d09?fn=Swahili%20Bible%20Biblia%20Takatifu_v1.0_apkpure.com.apk&k=dd7565ac11c0474375aed8ca36ce3b905724c4f2&p=com.SwahiliBiblefree.book.AOTKKDRVLFRBERSXW&c=1%7CBOOKS_AND_REFERENCE
"FanFiction.Net",books_and_reference,"3.9.3","Apr 22 2016","Android 4.0.3+",8.6 MB,"FictionPress",https://download.apkpure.com/c/APK/1209/018a8676d59ac47f?fn=FanFiction%20Net_v3.9.1_apkpure.com.apk&k=b7f0a37a59aa0300ef506931b3a06d9b5724c4f2&p=com.fictionpress.fanfiction&c=1%7CBOOKS_AND_REFERENCE
"متاهة مشاعر(رواية)نهى طلبة",books_and_reference,"1.0","Jan 11 2016","Android 2.3.2+",3.5 MB,"N3raf",https://download.apkpure.com/c/APK/738/0130b32eed05871c?fn=%D9%85%D8%AA%D8%A7%D9%87%D8%A9%20%D9%85%D8%B4%D8%A7%D8%B9%D8%B1%20%D8%B1%D9%88%D8%A7%D9%8A%D8%A9%20%D9%86%D9%87%D9%89%20%D8%B7%D9%84%D8%A8%D8%A9_v1.0_apkpure.com.apk&k=c3959eb47988856f0c2bc10efc4a65a75724c4f2&p=net.n3raf.mataha&c=1%7CBOOKS_AND_REFERENCE
"Factory Reset Android Phone",books_and_reference,"2","Jul 11 2014","Android 2.2+",5.6 MB,"Loso Android App",https://download.apkpure.com/c/APK/289/010c358a12d23577?fn=Factory%20Reset%20Android%20Phone_v2_apkpure.com.apk&k=181c2a8b2c8d2360d0b79bde18fe1e705724c4f2&p=com.resetandroidphone&c=1%7CBOOKS_AND_REFERENCE
"Dictionary",books_and_reference,"5.1","Feb 02 2016","Android 4.0+",6.3 MB,"TheFreeDictionary.com – Farlex",https://download.apkpure.com/c/APK/742/0134041f0cd79929?fn=Dictionary_v5.1_apkpure.com.apk&k=26750e0e89b8d866a109a9ec3fcee2d55724c4f2&p=com.tfd.mobile.TfdSearch&c=1%7CBOOKS_AND_REFERENCE
"تفسير القرآن لابن كثير",books_and_reference,"6.1.1.1","Apr 06 2016","Android 2.3.2+",11.1 MB,"Golden-Soft",https://download.apkpure.com/c/APK/1122/016ea714b732c63a?fn=%D8%AA%D9%81%D8%B3%D9%8A%D8%B1%20%D8%A7%D9%84%D9%82%D8%B1%D8%A2%D9%86%20%D9%84%D8%A7%D8%A8%D9%86%20%D9%83%D8%AB%D9%8A%D8%B1_v6.1.1.1_apkpure.com.apk&k=9da09aa34355176a60fe7b4d14e642825724c4f2&p=com.goldensoft.Interpretationkathir&c=1%7CBOOKS_AND_REFERENCE
"AlReader -any text book reader",books_and_reference,"1.751602210","Feb 20 2016","Android 1.6+",6.3 MB,"Alan.Neverland",https://download.apkpure.com/c/APK/801/0140a017185166be?fn=AlReader%20any%20text%20book%20reader_v1.751602210_apkpure.com.apk&k=baa54a9758d7f51d7734468d2e88fbec5724c4f2&p=com.neverland.alreader&c=1%7CBOOKS_AND_REFERENCE
"Learn English",books_and_reference,"9.3.0","Dec 11 2015","Android 2.3.4+",11.3 MB,"Bravolol - Language Learning",https://download.apkpure.com/c/APK/549/0120e8845a1760fd?fn=Learn%20English_v9.3.0_apkpure.com.apk&k=6f8492b5bfe0261b07f8e864a1254c8b5724c4f2&p=com.bravolang.english&c=1%7CBOOKS_AND_REFERENCE
"رياض الصالحين مع الشرح المبسط",books_and_reference,"3.1","Mar 28 2016","Android 2.3.2+",8.3 MB,"Al-Reda Apps",https://download.apkpure.com/c/APK/1054/015f69cb2932ead0?fn=%D8%B1%D9%8A%D8%A7%D8%B6%20%D8%A7%D9%84%D8%B5%D8%A7%D9%84%D8%AD%D9%8A%D9%86%20%D9%85%D8%B9%20%D8%A7%D9%84%D8%B4%D8%B1%D8%AD%20%D8%A7%D9%84%D9%85%D8%A8%D8%B3%D8%B7_v3.1_apkpure.com.apk&k=9cbe6dd337cbe599f0938e13ffbafe6b5724c4f2&p=com.reda.riyadh&c=1%7CBOOKS_AND_REFERENCE
"King James Bible (KJV) Free",books_and_reference,"1.8.4","Apr 20 2016","Android 2.3.2+",5.5 MB,"Salem New Media",https://download.apkpure.com/c/APK/1209/0188b3fa0c0d9aa3?fn=King%20James%20Bible%20KJV%20Free_v1.8.4_apkpure.com.apk&k=8038ae3cc76d600fbd9cdb6c16f7794f5724c4f2&p=com.hmobile.biblekjv&c=1%7CBOOKS_AND_REFERENCE
"الأحاديث القدسية مع الشرح",books_and_reference,"2.0","Apr 01 2016","Android 4.0+",2.6 MB,"Al-Reda Apps",https://download.apkpure.com/c/APK/1088/016751dcdc63ada8?fn=%D8%A7%D9%84%D8%A3%D8%AD%D8%A7%D8%AF%D9%8A%D8%AB%20%D8%A7%D9%84%D9%82%D8%AF%D8%B3%D9%8A%D8%A9%20%D9%85%D8%B9%20%D8%A7%D9%84%D8%B4%D8%B1%D8%AD_v2.0_apkpure.com.apk&k=c817fa12703253f1aa7e2a747f5eb3a35724c4f2&p=com.reda.holyhadiths&c=1%7CBOOKS_AND_REFERENCE
"Scribd - A World of Books",books_and_reference,"4.3.1","Apr 07 2016","Android 4.0.3+",27.8 MB,"Scribd, Inc.",https://download.apkpure.com/c/APK/1136/0172635113f24cb1?fn=Scribd%20A%20World%20of%20Books_v4.3.1_apkpure.com.apk&k=a14e252374e007ff910e3f61fe7729345724c4f2&p=com.scribd.app.reader0&c=1%7CBOOKS_AND_REFERENCE
"English Dictionary - Offline",books_and_reference,"8.11","Dec 31 2014","Android 2.2+",26.0 MB,"IronServices.com",https://download.apkpure.com/c/APK/248/010a911ec58e6af0?fn=English%20Dictionary%20Offline_v8.11_apkpure.com.apk&k=bf19643e0a6431c426ebcaa40de1db2f5724c4f2&p=com.ironServices.fullDictionary&c=1%7CBOOKS_AND_REFERENCE
"HOLY QURAN - القرآن الكريم",books_and_reference,"1.0.4","Dec 10 2015","Android 2.3.2+",58.8 MB,"FanzeTech",https://download.apkpure.com/c/APK/547/0120b3cda720e567?fn=HOLY%20QURAN%20%D8%A7%D9%84%D9%82%D8%B1%D8%A2%D9%86%20%D8%A7%D9%84%D9%83%D8%B1%D9%8A%D9%85_v1.0.4_apkpure.com.apk&k=3120ebf95fe229c1232e65642e44f6435724c4f2&p=com.fanzetech.quran&c=1%7CBOOKS_AND_REFERENCE
"Spanish-English offline dict.",books_and_reference,"2.6","Feb 23 2016","Android 4.0.3+",2.8 MB,"DIC-o",https://download.apkpure.com/c/APK/814/0141fc3bea68d4ad?fn=Spanish%20English%20offline%20dict_v2.6_apkpure.com.apk&k=bd07da9b6bb42e60f59903c01d72bfb85724c4f2&p=com.dic_o.dico_eng_spa&c=1%7CBOOKS_AND_REFERENCE
"ColorDict Dictionary",books_and_reference,"4.4.1","Nov 17 2015","Android 4.0+",740.4 KB,"Notes",https://download.apkpure.com/c/APK/517/011dfb5aec3cebb9?fn=ColorDict%20Dictionary_v4.4.1_apkpure.com.apk&k=0be7ebdb8b3bba673631c1762cd633d85724c4f2&p=com.socialnmobile.colordict&c=1%7CBOOKS_AND_REFERENCE
"Sky Map",books_and_reference,"1.8.3","Apr 05 2016","Android 4.0.3+",3.2 MB,"Sky Map Devs",https://download.apkpure.com/c/APK/1099/016d0da78f6889db?fn=Sky%20Map_v1.8.3_apkpure.com.apk&k=35ef93aebb11d3e55b03135b39e67fc45724c4f2&p=com.google.android.stardroid&c=1%7CBOOKS_AND_REFERENCE
"Ensiklopedi Hadits 9 Imam",books_and_reference,"2.0.11","Mar 27 2016","Android 4.0.3+",37.3 MB,"Saltanera",null
"Spanish Dictionary - Offline",books_and_reference,"3.0","Feb 18 2016","Android 2.3.4+",8.2 MB,"Livio",https://download.apkpure.com/c/APK/798/014006b88bd95e8d?fn=Spanish%20Dictionary%20Offline_v3.0_apkpure.com.apk&k=5e02903b9c63f9d330ba67c684c441fd5724c54e&p=livio.pack.lang.es_ES&c=1%7CBOOKS_AND_REFERENCE
"Bing Search",books_and_reference,"6.1.25181858","Apr 11 2016","Android 4.0+",14.7 MB,"Microsoft Corporation",https://download.apkpure.com/c/APK/1147/0178f8a3f1e7f62c?fn=Bing%20Search_v6.1.25181858_apkpure.com.apk&k=defd83a2a41d03a50fcd60c0dc03c18f5724c54e&p=com.microsoft.bing&c=1%7CBOOKS_AND_REFERENCE
"Burmese English Translator",books_and_reference,"2.2","Jan 05 2016","Android 3.0+",229.8 KB,"GK Apps",https://download.apkpure.com/c/APK/668/0129a6bfaa471c69?fn=Burmese%20English%20Translator_v2.2_apkpure.com.apk&k=a8d4704f3938ab075f1939f6dcc1f37c5724c54e&p=an.BurmeseTranslate&c=1%7CBOOKS_AND_REFERENCE
"French - English offline dict.",books_and_reference,"2.6","Mar 18 2016","Android 4.0.3+",2.6 MB,"DIC-o",https://download.apkpure.com/c/APK/816/0143039131b90605?fn=French%20English%20offline%20dict_v2.6_apkpure.com.apk&k=8396a51143f8105608adb9f80692c4995724c54e&p=com.dic_o.dico_eng_fra&c=1%7CBOOKS_AND_REFERENCE
"Audiobooks from Audible",books_and_reference,"2.4.0","Apr 11 2016","Android 4.1+",27.8 MB,"Audible, Inc",https://download.apkpure.com/c/APK/1149/01779f5b7eb82b92?fn=Audiobooks%20from%20Audible_v2.4.0_apkpure.com.apk&k=20806204f60a3a37a1433ad5520b5f855724c54e&p=com.audible.application&c=1%7CBOOKS_AND_REFERENCE
"قاموس المعاني عربي عربي",books_and_reference,"1.0","Jul 29 2015","Android 2.3.2+",2.5 MB,"Ghazi Yasin",https://download.apkpure.com/c/APK/364/011271c9873b0442?fn=%D9%82%D8%A7%D9%85%D9%88%D8%B3%20%D8%A7%D9%84%D9%85%D8%B9%D8%A7%D9%86%D9%8A%20%D8%B9%D8%B1%D8%A8%D9%8A%20%D8%B9%D8%B1%D8%A8%D9%8A_v1.0_apkpure.com.apk&k=ba8c3407c9699d7557d78dee11e4bfa05724c54e&p=www.sawatop.com.dict&c=1%7CBOOKS_AND_REFERENCE
"صحيح مسلم",books_and_reference,"3.1","Mar 28 2016","Android 2.3.2+",17.4 MB,"Al-Reda Apps",https://download.apkpure.com/c/APK/1058/015f5761829ec90e?fn=%D8%B5%D8%AD%D9%8A%D8%AD%20%D9%85%D8%B3%D9%84%D9%85_v3.1_apkpure.com.apk&k=c5b771ba31a33e6904081cb04576cdc85724c54e&p=com.reda.sahihmuslim&c=1%7CBOOKS_AND_REFERENCE
"Read Quran Offline",books_and_reference,"3.9","Jul 06 2015","Android 2.3.2+",35.2 MB,"Mohamed Hussien",https://download.apkpure.com/c/APK/281/010bb2e6eb84a595?fn=Read%20Quran%20Offline_v3.9_apkpure.com.apk&k=0e4da52eb9b9ccd6a8e69bf9510a7f895724c54e&p=com.mohamedhussien.readquran.offline&c=1%7CBOOKS_AND_REFERENCE
"Game Cheats",books_and_reference,"1.6","Feb 16 2016","Android 2.3.2+",1.6 MB,"Mihael",https://download.apkpure.com/c/APK/776/013bae046cc53c0b?fn=Game%20Cheats_v1.6_apkpure.com.apk&k=c86969f347c58bbbdd02cf28b3e1e9c35724c54e&p=co.gamecheat.gamecheats&c=1%7CBOOKS_AND_REFERENCE
"NIV Bible (New International)",books_and_reference,"2.3","Jun 13 2015","Android 4.0.3+",6.7 MB,"Bible Study Org",https://download.apkpure.com/c/APK/838/01463a38a64af0ca?fn=NIV%20Bible%20New%20International_v2.3_apkpure.com.apk&k=6baec78367f73a3679ae3589dc3a26095724c54e&p=com.bible.nivbible&c=1%7CBOOKS_AND_REFERENCE
"Dictionnaire Français",books_and_reference,"1.6","Mar 09 2015","Android 2.3.2+",13.3 MB,"Your Smart Apps",https://download.apkpure.com/c/APK/426/0116c24499e86dce?fn=Dictionnaire%20Fran%C3%A7ais_v1.6_apkpure.com.apk&k=fad8e475beadb6e3d5e4be7d03d03a165724c54e&p=dictionnaire.francaise&c=1%7CBOOKS_AND_REFERENCE
"صحيح البخاري",books_and_reference,"6.1.1.1","Apr 06 2016","Android 2.3.2+",6.8 MB,"Golden-Soft",https://download.apkpure.com/c/APK/1123/016edd025ae6a794?fn=%D8%B5%D8%AD%D9%8A%D8%AD%20%D8%A7%D9%84%D8%A8%D8%AE%D8%A7%D8%B1%D9%8A_v6.1.1.1_apkpure.com.apk&k=0c823f61333ac8cff240da751d18082c5724c54e&p=com.goldensoft.sahihbukhari&c=1%7CBOOKS_AND_REFERENCE
"Pleco Chinese Dictionary",books_and_reference,"3.2.28","Mar 28 2016","Android 4.0.3+",17.8 MB,"Pleco Software",null
"Kikuyu Bible",books_and_reference,"1.0","Apr 03 2015","Android 1.6+",3.0 MB,"Your Smart Apps",https://download.apkpure.com/c/APK/283/010b9903310f93fd?fn=Kikuyu%20Bible_v1.0_apkpure.com.apk&k=e8ccaf3319677f6ace9b32efd1fc22c95724c54e&p=kikuyu.holy.bible.AOVGUEHTERZFTWPYRJ&c=1%7CBOOKS_AND_REFERENCE
"Holy Bible NKJV Offline",books_and_reference,"2.1.1","Jul 06 2015","Android 2.3.2+",5.2 MB,"SOFTCRAFT",https://download.apkpure.com/c/APK/283/010b5ea45e33f896?fn=Holy%20Bible%20NKJV%20Offline_v2.1.1_apkpure.com.apk&k=9e9ad96e7c311d4e8a95aee5dbd860995724c54e&p=com.softcraft.englishnkjvbible&c=1%7CBOOKS_AND_REFERENCE
"ﻗﺎﺭﺉ ﻛﺘﺐ ﺍﻟﻤﻜﺘﺒﺔ ﺍﻟﺸﺎﻣﻠﺔ ﻣﺠﺎﻧﻲ",books_and_reference,"2.4","Oct 05 2013","Android 1.5+",2.8 MB,"Smarter Soft",https://download.apkpure.com/c/APK/278/010bdaf77c78c7f6?fn=%EF%BB%97%EF%BA%8E%EF%BA%AD%EF%BA%89%20%EF%BB%9B%EF%BA%98%EF%BA%90%20%EF%BA%8D%EF%BB%9F%EF%BB%A4%EF%BB%9C%EF%BA%98%EF%BA%92%EF%BA%94%20%EF%BA%8D%EF%BB%9F%EF%BA%B8%EF%BA%8E%EF%BB%A3%EF%BB%A0%EF%BA%94%20%EF%BB%A3%EF%BA%A0%EF%BA%8E%EF%BB%A7%EF%BB%B2_v2.4_apkpure.com.apk&k=30c4a11abde3e6421633f452064e21b95724c54e&p=com.smartersoft.alshamelafree&c=1%7CBOOKS_AND_REFERENCE
"Bible en français Louis Segond",books_and_reference,"3.7.3","Dec 03 2015","Android 2.3.2+",8.7 MB,"MartinVillar.com",https://download.apkpure.com/c/APK/994/01509d4ab91afbd5?fn=Bible%20en%20fran%C3%A7ais%20Louis%20Segond_v3.7.3_apkpure.com.apk&k=37e8df0a1e88d3792bb774d8c13de8a95724c54e&p=com.martinvillar.android.bibliaenfrances&c=1%7CBOOKS_AND_REFERENCE
"Pro Cheat For Clash Of Clans",books_and_reference,"1","Nov 21 2015","Android 2.3.2+",2.0 MB,"Devcenter",https://download.apkpure.com/c/APK/312/010e14b714c917f6?fn=Pro%20Cheat%20For%20Clash%20Of%20Clans_v1_apkpure.com.apk&k=83e3915109175a638083c0d5998485235724c54e&p=com.khahanh.newcocsc&c=1%7CBOOKS_AND_REFERENCE
"Ayah - A Quran Reading App",books_and_reference,"3.1.2","Oct 24 2015","Android 4.0+",61.0 MB,"Tafsir Center",https://download.apkpure.com/c/APK/315/010e6d66bd6f6715?fn=Ayah%20A%20Quran%20Reading%20App_v3.1.2_apkpure.com.apk&k=7ac7c9539441918f26988f9255f676675724c54e&p=com.ayah&c=1%7CBOOKS_AND_REFERENCE
"اقرأ لي- كتب وأخبار مسموعة",books_and_reference,"2.4.1.9","Apr 19 2016","Android 2.3.2+",11.5 MB,"Innovolve LLC",https://download.apkpure.com/c/APK/1196/01877ae13dd29688?fn=%D8%A7%D9%82%D8%B1%D8%A3%20%D9%84%D9%8A%20%D9%83%D8%AA%D8%A8%20%D9%88%D8%A3%D8%AE%D8%A8%D8%A7%D8%B1%20%D9%85%D8%B3%D9%85%D9%88%D8%B9%D8%A9_v2.4.1.9_apkpure.com.apk&k=a1fe8b29724abe2d236c290347c0259e5724c5b0&p=com.innovolve.iqraaly&c=1%7CBOOKS_AND_REFERENCE
"Kho Truyện Teen - Offline",books_and_reference,"1.1","Jun 09 2015","Android 2.3.2+",12.9 MB,"AppBookVN",https://download.apkpure.com/c/APK/437/0118144bad1e406e?fn=Kho%20Truy%E1%BB%87n%20Teen%20Offline_v1.1_apkpure.com.apk&k=9a6ca7bb9111765c1ebab62d8a7d954d5724c5b0&p=com.appbookvn.khotruyenteenp1&c=1%7CBOOKS_AND_REFERENCE
"Manipuri Calendar 2016",books_and_reference,"2.0","Oct 15 2015","Android 2.3.2+",5.6 MB,"CSKS-InfoTech",https://download.apkpure.com/c/APK/836/01488c10d8552016?fn=Manipuri%20Calendar%202016_v2.0_apkpure.com.apk&k=b1d421d2a5943433c18fd3511c14cfd85724c5b0&p=org.skchingtham.manipuricalendar2016&c=1%7CBOOKS_AND_REFERENCE
"القرآن الكريم صوت وصورة",books_and_reference,"0.4","Mar 22 2014","Android 2.1+",464.3 KB,"@a_alghanem_a",https://download.apkpure.com/c/APK/854/014861d5f3177ab9?fn=%D8%A7%D9%84%D9%82%D8%B1%D8%A2%D9%86%20%D8%A7%D9%84%D9%83%D8%B1%D9%8A%D9%85%20%D8%B5%D9%88%D8%AA%20%D9%88%D8%B5%D9%88%D8%B1%D8%A9_v0.4_apkpure.com.apk&k=3914d391dc62bf32b28462b12c47e9cd5724c5b0&p=com.wquran308&c=1%7CBOOKS_AND_REFERENCE
"قصص الأنبياء كاملة بدون انترنت",books_and_reference,"1.1","Oct 17 2015","Android 2.3.2+",2.2 MB,"Sagesse",https://download.apkpure.com/c/APK/481/011b207a19504118?fn=%D9%82%D8%B5%D8%B5%20%D8%A7%D9%84%D8%A3%D9%86%D8%A8%D9%8A%D8%A7%D8%A1%20%D9%83%D8%A7%D9%85%D9%84%D8%A9%20%D8%A8%D8%AF%D9%88%D9%86%20%D8%A7%D9%86%D8%AA%D8%B1%D9%86%D8%AA_v1.1_apkpure.com.apk&k=8d421cd8bd155d79535d1dc4696be82e5724c5b0&p=com.qissass.anbiyae.kamila&c=1%7CBOOKS_AND_REFERENCE
"English Arabic Dictionary Free",books_and_reference,"2.83","Aug 20 2015","Android 3.1+",7.1 MB,"SE Develop",https://download.apkpure.com/c/APK/354/011131dec484c4b4?fn=English%20Arabic%20Dictionary%20Free_v2.83_apkpure.com.apk&k=fddc3874345f359e916c4a1883a7a9765724c5b0&p=com.akdevelopment.dict.enarabic.free&c=1%7CBOOKS_AND_REFERENCE
"King Roots All Device",books_and_reference,"2.0","Apr 04 2016","Android 2.3.2+",1.9 MB,"RedWire Apps",https://download.apkpure.com/c/APK/1121/016e9e6a7716e3e9?fn=King%20Roots%20All%20Device_v2.0_apkpure.com.apk&k=f2d474951f0701b8cb18438b169a1e6c5724c5b0&p=net.citra.kingroots&c=1%7CBOOKS_AND_REFERENCE
"English Hindi Dictionary",books_and_reference,"7.0.0.3","Mar 05 2016","Android 2.3.4+",6.6 MB,"HinKhoj",https://download.apkpure.com/c/APK/364/01123d6bc18a83cc?fn=English%20Hindi%20Dictionary_v7.0.0.3_apkpure.com.apk&k=798037a2f5563253d1274f8be7d7f7355724c5b0&p=HinKhoj.Dictionary&c=1%7CBOOKS_AND_REFERENCE
"Manipuri Calendar 2015-16",books_and_reference,"2016 Calendar 1.1","Jan 24 2016","Android 3.0+",2.9 MB,"amraanta",https://download.apkpure.com/c/APK/695/01305d5d48f0b777?fn=Manipuri%20Calendar%202015%2016_v2016%20Calendar%201.1_apkpure.com.apk&k=5fa397eb859513d6baf7bd4842a302445724c5b0&p=com.joy.calendar2015&c=1%7CBOOKS_AND_REFERENCE
"Advanced Offline Dictionary",books_and_reference,"2.2.1","Mar 30 2016","Android 4.0+",23.9 MB,"movin'App",https://download.apkpure.com/c/APK/1063/01629d901ff9fdc5?fn=Advanced%20Offline%20Dictionary_v2.2.1_apkpure.com.apk&k=3367b21a7c611577792cee4e998c20a45724c5b0&p=com.movinapp.dict.english.american&c=1%7CBOOKS_AND_REFERENCE
"Bible Audio MP3",books_and_reference,"55.0","Apr 18 2016","Android 2.2+",6.0 MB,"Lco",https://download.apkpure.com/c/APK/1195/018634d815f0bd91?fn=Bible%20Audio%20MP3_v55.0_apkpure.com.apk&k=7202270e83d2870d834ed99f13f9c71e5724c5b0&p=com.holy_bible_audio_mp3.holy_bible_audio_mp3&c=1%7CBOOKS_AND_REFERENCE
"لسان العرب",books_and_reference,"6.1.1.1","Apr 06 2016","Android 2.3.2+",16.1 MB,"Golden-Soft",https://download.apkpure.com/c/APK/828/01715f7fa23e9861?fn=%D9%84%D8%B3%D8%A7%D9%86%20%D8%A7%D9%84%D8%B9%D8%B1%D8%A8_v6.1.1.1_apkpure.com.apk&k=97689ffaf12e51d307c85c0106cfe3015724c5b0&p=com.goldensoft.sanarabs&c=1%7CBOOKS_AND_REFERENCE
"null",books_and_reference,"null","null","null",null,"null",https://download.apkpure.com/c/APK/685/0129ad85ad0c15e2?fn=Sin%C3%B3nimos%20y%20Ant%C3%B3nimos%20Offline_v1.0.0_apkpure.com.apk&k=82bcbca1a8c07586b4399437858c47e45724c5b0&p=com.dict.sinonimos&c=1%7CBOOKS_AND_REFERENCE
"La Biblia en Español",books_and_reference,"2.69","Apr 06 2016","Android 3.0+",9.9 MB,"Warp Studios",https://download.apkpure.com/c/APK/1122/016e6c9abb3d71ac?fn=La%20Biblia%20en%20Espa%C3%B1ol_v2.69_apkpure.com.apk&k=0ba366352e77113d42aa58921dc1ea8b5724c5b0&p=com.azwstudios.theholybible.em&c=1%7CBOOKS_AND_REFERENCE
"বুখারী শরীফ,  সম্পূর্ণ,  ফ্রি",books_and_reference,"grand3","Apr 20 2016","Android 4.0.3+",4.0 MB,"Md Mamunur Rasid",https://download.apkpure.com/c/APK/1206/0188f197e516e597?fn=%E0%A6%AC%E0%A7%81%E0%A6%96%E0%A6%BE%E0%A6%B0%E0%A7%80%20%E0%A6%B6%E0%A6%B0%E0%A7%80%E0%A6%AB%20%E0%A6%B8%E0%A6%AE%E0%A7%8D%E0%A6%AA%E0%A7%82%E0%A6%B0%E0%A7%8D%E0%A6%A3%20%E0%A6%AB%E0%A7%8D%E0%A6%B0%E0%A6%BF_vgrand3_apkpure.com.apk&k=7e80213f80903da2e93f87f755e65c9f5724c5b0&p=bendroidapp.dailyhadithtwo&c=1%7CBOOKS_AND_REFERENCE
"Cheat Codes GTA Vice City",books_and_reference,"6","Jan 21 2016","Android 4.0+",15.1 MB,"Anna Nova",https://download.apkpure.com/c/APK/664/012f238199c9b468?fn=Cheat%20Codes%20GTA%20Vice%20City_v6_apkpure.com.apk&k=0a9f7aebaee906e0f08f8c0a5a1fcb475724c5b0&p=best.vice.city.cheats&c=1%7CBOOKS_AND_REFERENCE
"SSManga - Manga Book Reader",books_and_reference,"12.1.4","Sep 03 2015","Android 2.3.2+",2.9 MB,"The Group Developer",https://download.apkpure.com/c/APK/319/010e8b84d582b9c8?fn=SSManga%20Manga%20Book%20Reader_v12.1.4_apkpure.com.apk&k=2da98ecef8822a3361011523349272d65724c5b0&p=com.happy.ssmanga&c=1%7CBOOKS_AND_REFERENCE
"Flash on WebView",books_and_reference,"0.15","Dec 24 2010","Android 1.6+",214.2 KB,"nambudenki",https://download.apkpure.com/c/APK/250/010a912d6103cbf7?fn=Flash%20on%20WebView_v0.15_apkpure.com.apk&k=2c01fd357cff30be356b4b22d97d496c5724c5b0&p=com.nambudenki.android.fow&c=1%7CBOOKS_AND_REFERENCE
"Holy Bible (KJV)",books_and_reference,"1.4","Jul 02 2014","Android 1.6+",1.8 MB,"Solvus Lab",https://download.apkpure.com/c/APK/387/011467b757f43244?fn=Holy%20Bible%20KJV_v1.4_apkpure.com.apk&k=3ffb107365bbe9f4efe5eb0723d34c465724c5b0&p=com.solvus_lab.android.BibleEN_kjv&c=1%7CBOOKS_AND_REFERENCE
"تفسير الاحلام الشامل",books_and_reference,"5.5","Jan 06 2016","Android 2.3.2+",7.4 MB,"DrMSI",https://download.apkpure.com/c/APK/645/012a2e9a20f108ba?fn=%D8%AA%D9%81%D8%B3%D9%8A%D8%B1%20%D8%A7%D9%84%D8%A7%D8%AD%D9%84%D8%A7%D9%85%20%D8%A7%D9%84%D8%B4%D8%A7%D9%85%D9%84_v5.5_apkpure.com.apk&k=d82a86dd61f635fca0cda69bba22cc405724c5b0&p=bz.ddd.ahlam&c=1%7CBOOKS_AND_REFERENCE
"Prem Valobashar Golpo",books_and_reference,"1.0","May 24 2015","Android 1.6+",531.9 KB,"Mohima Nuha",https://download.apkpure.com/c/APK/486/011bb7ec9b5c8c8e?fn=Prem%20Valobashar%20Golpo_v1.0_apkpure.com.apk&k=deebf10bffdfad2f4d53d4a36acaa91e5724c61c&p=com.prehargolpo.floydfrancis.AOUXKFEKUCUHHJGH&c=1%7CBOOKS_AND_REFERENCE
"COC Base Designs",books_and_reference,"1.0","Jul 10 2015","Android 2.3.2+",21.6 MB,"FNR Apps",https://download.apkpure.com/c/APK/383/011383bf0839c354?fn=COC%20Base%20Designs_v1.0_apkpure.com.apk&k=32347ea21fc0264149c3dd69661459245724c61c&p=com.fnr.cocbasedesigns&c=1%7CBOOKS_AND_REFERENCE
"السيرة النبوية الصحيحة كاملة",books_and_reference,"1.0","Jul 18 2015","Android 2.3.4+",4.4 MB,"AtlasData",https://download.apkpure.com/c/APK/321/010efe1a8f7bae82?fn=%D8%A7%D9%84%D8%B3%D9%8A%D8%B1%D8%A9%20%D8%A7%D9%84%D9%86%D8%A8%D9%88%D9%8A%D8%A9%20%D8%A7%D9%84%D8%B5%D8%AD%D9%8A%D8%AD%D8%A9%20%D9%83%D8%A7%D9%85%D9%84%D8%A9_v1.0_apkpure.com.apk&k=21af7f82664d340cd2e75d4eed68cc285724c61c&p=com.atlasdata.sira.nabawiya&c=1%7CBOOKS_AND_REFERENCE
"Golden Dictionary (FR-AR)",books_and_reference,"6.1.1.5","Mar 22 2016","Android 2.3.2+",5.2 MB,"Golden-Soft",https://download.apkpure.com/c/APK/1010/0151ec71faa383c9?fn=Golden%20Dictionary%20FR%20AR_v6.1.1.5_apkpure.com.apk&k=e2146c929c3e3f8ab58b0e1d53aad9515724c61c&p=com.goldensoft.dictionaryfrfree&c=1%7CBOOKS_AND_REFERENCE
"100000+ SMS Messages",books_and_reference,"2.5","Jan 16 2016","Android 2.3.2+",4.9 MB,"Mobizerg",https://download.apkpure.com/c/APK/749/012d0ed322f6cefc?fn=100000%20SMS%20Messages_v2.5_apkpure.com.apk&k=de50958d990a506ecfa6f492d3eba5e05724c61c&p=com.frozenex.latestnewsms&c=1%7CBOOKS_AND_REFERENCE
"Advanced English & Thesaurus",books_and_reference,"5.1.024","Jan 26 2016","Android 4.0+",14.1 MB,"MobiSystems",https://download.apkpure.com/c/APK/737/0130ea4761ba69dc?fn=Advanced%20English%20Thesaurus_v5.1.024_apkpure.com.apk&k=06a3d0ed1ba6eb3a8a5d450b907a15c55724c61c&p=com.mobisystems.msdict.embedded.wireless.wordnet&c=1%7CBOOKS_AND_REFERENCE
"پیامک فارسی Farsi SMS",books_and_reference,"1.0","Jan 07 2016","Android 2.3.2+",11.2 MB,"Khadim Hussain Rasooli",https://download.apkpure.com/c/APK/619/012a9251493f5b0c?fn=%D9%BE%DB%8C%D8%A7%D9%85%DA%A9%20%D9%81%D8%A7%D8%B1%D8%B3%DB%8C%20Farsi%20SMS_v1.0_apkpure.com.apk&k=294910f5281c98ab93fc85e32b7b91dd5724c61c&p=com.latest.farsi.sms&c=1%7CBOOKS_AND_REFERENCE
"iQuran Lite",books_and_reference,"2.5.4","Jul 19 2014","Android 2.2+",15.5 MB,"Guided Ways Technologies Ltd",https://download.apkpure.com/c/APK/318/010e6c7792ec6c10?fn=iQuran%20Lite_v2.5.4_apkpure.com.apk&k=cc17b50e1e795bbfd2a35cb42e8faeea5724c61c&p=com.guidedways.iQuran&c=1%7CBOOKS_AND_REFERENCE
"English Persian Dictionary",books_and_reference,"4.3.9","Apr 22 2016","Android 4.0.3+",4.8 MB,"Xung Le",null
"Al Quran",books_and_reference,"2.2","Dec 18 2015","Android 2.3.2+",4.5 MB,"EALIM TECHNOLOGY LIMITED",https://download.apkpure.com/c/APK/571/01231f30c5e34c81?fn=Al%20Quran_v2.2_apkpure.com.apk&k=26da56197dc6de5faae559f89615d9785724c61c&p=com.eAlimTech.Quran&c=1%7CBOOKS_AND_REFERENCE
"Oxford Grammar and Punctuation",books_and_reference,"5.1.030","Mar 01 2016","Android 4.0+",14.0 MB,"MobiSystems",https://download.apkpure.com/c/APK/230/01024f5248209c33?fn=Oxford%20Grammar%20and%20Punctuation_v5.1.030_apkpure.com.apk&k=c4e2664830a8c46b43c44a041b5149155724c61c&p=com.mobisystems.msdict.embedded.wireless.oxford.azgrammarandpunctuation&c=1%7CBOOKS_AND_REFERENCE
"المعجم الوسيط",books_and_reference,"6.1.1.1","Apr 08 2016","Android 2.3.2+",4.6 MB,"Golden-Soft",https://download.apkpure.com/c/APK/1136/017422dfe95af59e?fn=%D8%A7%D9%84%D9%85%D8%B9%D8%AC%D9%85%20%D8%A7%D9%84%D9%88%D8%B3%D9%8A%D8%B7_v6.1.1.1_apkpure.com.apk&k=3f46dc86e4b652bfc05df34f444a72aa5724c61c&p=com.goldensoft.mediatorlexicon&c=1%7CBOOKS_AND_REFERENCE
"酒神全本",books_and_reference,"1.1.3","Jun 02 2015","Android 2.3.2+",5.1 MB,"卫斌",https://download.apkpure.com/c/APK/385/0113f136fbbf89c4?fn=%E9%85%92%E7%A5%9E%E5%85%A8%E6%9C%AC_v1.1.3_apkpure.com.apk&k=6b4a0896914b8b0b4b004eebe1e0dc9e5724c61c&p=com.book.project.jiushen&c=1%7CBOOKS_AND_REFERENCE
"Arabic French Dictionary Free",books_and_reference,"2.83","Aug 20 2015","Android 3.1+",7.1 MB,"SE Develop",https://download.apkpure.com/c/APK/366/01129b5fbb1f2ee4?fn=Arabic%20French%20Dictionary%20Free_v2.83_apkpure.com.apk&k=74d5b78bc3604aa0c21b3f5d2faebb935724c61c&p=com.msvdevelopment.arabfr.free&c=1%7CBOOKS_AND_REFERENCE
"Learn Korean",books_and_reference,"9.3.0","Dec 11 2015","Android 2.3.4+",11.8 MB,"Bravolol - Language Learning",https://download.apkpure.com/c/APK/551/0120ed257ef9c0d1?fn=Learn%20Korean_v9.3.0_apkpure.com.apk&k=dd15c367f7952b76808cc0850d1181475724c61c&p=com.bravolang.korean&c=1%7CBOOKS_AND_REFERENCE
"English Arabic Dictionary",books_and_reference,"Neon","Apr 08 2016","Android 2.3.2+",24.4 MB,"INNOVATIVE SOFTWARE",https://download.apkpure.com/c/APK/1133/0172f363565d4d47?fn=English%20Arabic%20Dictionary_vNeon_apkpure.com.apk&k=7547f5f6014449956ed49d34b5136efa5724c61c&p=com.dictionary.ar&c=1%7CBOOKS_AND_REFERENCE
"Free Books - 23,469 Classics",books_and_reference,"1.3.6","Mar 30 2016","Android 2.3.2+",14.7 MB,"Digital Press Publishing s.r.o.",https://download.apkpure.com/c/APK/1060/016384a44b699fd4?fn=Free%20Books%2023%20469%20Classics_v1.3.6_apkpure.com.apk&k=8ce890e9321ee9b035f5bbaba31dd7fe5724c61c&p=com.spreadsong.freebooks&c=1%7CBOOKS_AND_REFERENCE
"Wiki Encyclopedia Gold",books_and_reference,"1.3.13","Mar 25 2016","Android 2.3.2+",4.2 MB,"AppsUnlimited wiki",https://download.apkpure.com/c/APK/1035/015a6a0d328d35f8?fn=Wiki%20Encyclopedia%20Gold_v1.3.13_apkpure.com.apk&k=ce75a94ef5c24e8fdb1cca893f8ff4725724c61c&p=uk.co.appsunlimited.wikiapp&c=1%7CBOOKS_AND_REFERENCE
"স্বামী স্ত্রীর সহবাসের নিয়ম",books_and_reference,"1.1","Apr 22 2016","Android 2.3.2+",1.1 MB,"knowledge-app",https://download.apkpure.com/c/APK/301/010d62002ffd72e2?fn=%E0%A6%B8%E0%A7%8D%E0%A6%AC%E0%A6%BE%E0%A6%AE%E0%A7%80%20%E0%A6%B8%E0%A7%8D%E0%A6%A4%E0%A7%8D%E0%A6%B0%E0%A7%80%E0%A6%B0%20%E0%A6%B8%E0%A6%B9%E0%A6%AC%E0%A6%BE%E0%A6%B8%E0%A7%87%E0%A6%B0%20%E0%A6%A8%E0%A6%BF%E0%A6%AF%E0%A6%BC%E0%A6%AE_v1.0_apkpure.com.apk&k=d5d85bd948f6256a773a4acb2e3aef2c5724c61c&p=knowledge.sohobastips.com&c=1%7CBOOKS_AND_REFERENCE
"Alquran dan terjemahan",books_and_reference,"1.0","Jul 06 2015","Android 2.3.2+",1.7 MB,"Ricky Saiful Firdaus",https://download.apkpure.com/c/APK/389/01144ec505395ce2?fn=Alquran%20dan%20terjemahan_v1.0_apkpure.com.apk&k=7fe19d7513d455626d42efd9c4912d335724c61c&p=com.rikisaifulfirdaus.alquran&c=1%7CBOOKS_AND_REFERENCE
"Learn Japanese",books_and_reference,"9.4.0","Dec 11 2015","Android 2.3.4+",11.9 MB,"Bravolol - Language Learning",https://download.apkpure.com/c/APK/551/0120f53080b32ad3?fn=Learn%20Japanese_v9.4.0_apkpure.com.apk&k=413dee1947094fc7894af9bd04be055a5724c6ad&p=com.bravolang.japanese&c=1%7CBOOKS_AND_REFERENCE
"Candy 570+ Level Guide",books_and_reference,"1.0","Apr 18 2014","Android 2.2+",6.1 MB,"NTSoft",https://download.apkpure.com/c/APK/290/010c8a518ebff802?fn=Candy%20570%20Level%20Guide_v1.0_apkpure.com.apk&k=e86d7a5a10e426bc46d6506bc93e88c55724c6ad&p=com.guidegame.candycrushguide&c=1%7CBOOKS_AND_REFERENCE
"Daily Text 2016",books_and_reference,"3.0.2","Jan 12 2016","Android 2.2+",1.0 MB,"Jannes Kretschmer",https://download.apkpure.com/c/APK/703/012bfccfd805a538?fn=Daily%20Text%202016_v3.0.2_apkpure.com.apk&k=c4b58f21a057f199ae3e6db2f5e7ebdf5724c6ad&p=com.jk.dailytext&c=1%7CBOOKS_AND_REFERENCE
"eReader Prestigio: Book Reader",books_and_reference,"5.6.6","Mar 16 2016","Android 4.0+",21.5 MB,"Prestigio",https://download.apkpure.com/c/APK/776/013d19a7d2dcbe11?fn=eReader%20Prestigio%20Book%20Reader_v5.6.6_apkpure.com.apk&k=1149c572c001f10522a52ee46fdd03055724c6ad&p=com.prestigio.ereader&c=1%7CBOOKS_AND_REFERENCE
"Kitab Kuning Lengkap",books_and_reference,"1.0","Aug 06 2015","Android 2.3.4+",12.9 MB,"Fs Studio",https://download.apkpure.com/c/APK/262/010b04551b84b351?fn=Kitab%20Kuning%20Lengkap_v1.0_apkpure.com.apk&k=dcff9ca39e2aa69179935a1c600651645724c6ad&p=com.andromo.dev445584.app425795&c=1%7CBOOKS_AND_REFERENCE
"Free Messenger Facebook Guide",books_and_reference,"1.4","Jul 29 2015","Android 2.3.4+",6.7 MB,"Auratechie",https://download.apkpure.com/c/APK/351/01118bfb4b534352?fn=Free%20Messenger%20Facebook%20Guide_v1.4_apkpure.com.apk&k=2ef6e83ec81eacdaea1f43ce0a556e6d5724c6ad&p=com.auratechie.freemessengerfacebookguide&c=1%7CBOOKS_AND_REFERENCE
"wikiHow: how to do anything",books_and_reference,"2.4.0","Jan 25 2016","Android 4.0+",2.7 MB,"wikiHow",https://download.apkpure.com/c/APK/675/0130ae40705f489f?fn=wikiHow%20how%20to%20do%20anything_v2.4.0_apkpure.com.apk&k=497beac834a92a50db2b6edaf46f50bc5724c6ad&p=com.wikihow.wikihowapp&c=1%7CBOOKS_AND_REFERENCE
"Mushaf Tajweed with Tafsir",books_and_reference,"4.0","Sep 22 2015","Android 2.3.2+",48.6 MB,"simppro",https://download.apkpure.com/c/APK/437/01183d387d4747c2?fn=Mushaf%20Tajweed%20with%20Tafsir_v4.0_apkpure.com.apk&k=adf293904e6b240fcb9ed23bb7f8305a5724c6ad&p=com.simppro.quran.tajweed&c=1%7CBOOKS_AND_REFERENCE
"iReader",books_and_reference,"5.7.2","Apr 18 2016","Android 2.3.2+",11.0 MB,"iReader Inc.",https://download.apkpure.com/c/APK/1189/01842c9381739987?fn=iReader_v5.7.2_apkpure.com.apk&k=08fe444e2d57a4524e3b2ba71b0381ec5724c6ad&p=com.chaozh.iReader&c=1%7CBOOKS_AND_REFERENCE
"Hisn Al Muslim - Azkar",books_and_reference,"4.0","Sep 22 2015","Android 2.3.2+",12.3 MB,"simppro",https://download.apkpure.com/c/APK/260/010ad60843d630b1?fn=Hisn%20Al%20Muslim%20Azkar_v4.0_apkpure.com.apk&k=53d70e989d470c37e0a9214b424daed85724c6ad&p=com.maher4web.hisn&c=1%7CBOOKS_AND_REFERENCE
"Islamic SMS Messages",books_and_reference,"1.1","Sep 14 2014","Android 2.2+",2.4 MB,"Khadim Hussain Rasooli",https://download.apkpure.com/c/APK/345/0110b0edbb5dad7d?fn=Islamic%20SMS%20Messages_v1.1_apkpure.com.apk&k=fd54e5c0bdb96eee687fbec43a2bf6b75724c6ad&p=sms4islam.com.free&c=1%7CBOOKS_AND_REFERENCE
"تطبيق القرآن الكريم",books_and_reference,"2.0.1","May 01 2014","Android 2.3.2+",29.4 MB,"Tmkeen Information Systems W.L.L.",null
"Holy Bible Offline",books_and_reference,"2.1.1","Mar 02 2015","Android 2.3.2+",6.4 MB,"SOFTCRAFT",https://download.apkpure.com/c/APK/870/01464b708c47a1bf?fn=Holy%20Bible%20Offline_v2.1.1_apkpure.com.apk&k=2609c96f010330c8c0bfab0379842fa05724c6ad&p=com.softcraft.englishbible&c=1%7CBOOKS_AND_REFERENCE
"FullReader+ all formats reader",books_and_reference,"3.0.2","Apr 19 2016","Android 3.0+",31.1 MB,"WebPrestige",https://download.apkpure.com/c/APK/1194/018611214d84eafd?fn=FullReader%20all%20formats%20reader_v3.0.2_apkpure.com.apk&k=46c6fefdbb7f6d046c9e2da435fb2a615724c6ad&p=com.fullreader&c=1%7CBOOKS_AND_REFERENCE
"Hackers Manual Hack WiFi FB",books_and_reference,"1.29","Oct 31 2015","Android 2.3.2+",3.7 MB,"Alienskills",https://download.apkpure.com/c/APK/264/010b125d8015e7cf?fn=Hackers%20Manual%20Hack%20WiFi%20FB_v1.29_apkpure.com.apk&k=98d09efd7e3ffac0ce25f83d7bfd892f5724c6ad&p=com.alienskills.hackers.manual&c=1%7CBOOKS_AND_REFERENCE
"Bíblia Sagrada",books_and_reference,"1.9.0","Feb 26 2016","Android 3.0+",5.9 MB,"Mobidic Soluções em Aplicativos Mobile",https://download.apkpure.com/c/APK/189/f480f24cf82c6f?fn=B%C3%ADblia%20Sagrada_v1.9.0_apkpure.com.apk&k=5533b52469505324179133aa199014fd5724c6ad&p=br.biblia&c=1%7CBOOKS_AND_REFERENCE
"多看阅读 小说王电子图书馆阅读器",books_and_reference,"4.3.4","Apr 20 2016","Android 4.0+",15.8 MB,"多看科技",https://download.apkpure.com/c/APK/1207/0189e52408cbbc34?fn=%E5%A4%9A%E7%9C%8B%E9%98%85%E8%AF%BB%20%E5%B0%8F%E8%AF%B4%E7%8E%8B%E7%94%B5%E5%AD%90%E5%9B%BE%E4%B9%A6%E9%A6%86%E9%98%85%E8%AF%BB%E5%99%A8_v4.3.4_apkpure.com.apk&k=83ee5950d66255324e67d0c26dbf7ac45724c6ad&p=com.duokan.reader&c=1%7CBOOKS_AND_REFERENCE
"All Magazines",books_and_reference,"2.5","Jan 08 2015","Android 2.3.2+",2.9 MB,"Ivan Ivanenko",https://download.apkpure.com/c/APK/878/0148268d3e07f1bb?fn=All%20Magazines_v2.5_apkpure.com.apk&k=8fa7bfee710c74b4e9007563902de8ec5724c6ad&p=com.foobnix.pdf.search&c=1%7CBOOKS_AND_REFERENCE
"NOOK: Read eBooks & Magazines",books_and_reference,"4.5.2.50","Feb 10 2016","Android 4.1+",43.3 MB,"Nook Digital, LLC",https://download.apkpure.com/c/APK/734/01388c7038aaaa12?fn=NOOK%20Read%20eBooks%20Magazines_v4.5.2.50_apkpure.com.apk&k=94ccab84fc1bf08c4c3f2931cbc42c325724c6ad&p=bn.ereader&c=1%7CBOOKS_AND_REFERENCE
"FBReader PDF plugin",books_and_reference,"1.5.11","Apr 14 2016","Android 3.0+",8.4 MB,"FBReader.ORG Limited",https://download.apkpure.com/c/APK/1170/017e4bc8f4a3ad83?fn=FBReader%20PDF%20plugin_v1.5.11_apkpure.com.apk&k=81a34c6ba8cb3a547c3bdba72876a1845724c6ad&p=org.geometerplus.fbreader.plugin.pdf&c=1%7CBOOKS_AND_REFERENCE
"KingsRoot Super Pro",books_and_reference,"1.0","Nov 05 2015","Android 2.2+",3.3 MB,"GreenDroid",https://download.apkpure.com/c/APK/508/011d96cc8b0406cb?fn=KingsRoot%20Super%20Pro_v1.0_apkpure.com.apk&k=e973a221ff81da81f480830c1fc1a1225724c70b&p=com.rkbg.kingsrootsuperpro&c=1%7CBOOKS_AND_REFERENCE
"Offline English Arabic Dict.",books_and_reference,"3.9.1","Mar 29 2016","Android 4.0+",5.8 MB,"movin'App",https://download.apkpure.com/c/APK/1056/01610e224bd6a350?fn=Offline%20English%20Arabic%20Dict_v3.9.1_apkpure.com.apk&k=7f9e92f592ae3aedc560f3d3a6c76d865724c70b&p=com.movinapp.dict.enar.free&c=1%7CBOOKS_AND_REFERENCE
"Kunci Gitar dan Lirik Lagu",books_and_reference,"4.0","Oct 28 2015","Android 2.3.2+",1.6 MB,"guruandroid",https://download.apkpure.com/c/APK/877/0149b0947a7d92d4?fn=Kunci%20Gitar%20dan%20Lirik%20Lagu_v4.0_apkpure.com.apk&k=d870b96413f64e19b7302b3e5143eb285724c70b&p=com.kuncigitardanliriklagu.guruandroid&c=1%7CBOOKS_AND_REFERENCE
"Dracula - eBook",books_and_reference,"1.0","Mar 19 2014","Android 2.1+",1.6 MB,"PUBLICDOMAIN",https://download.apkpure.com/c/APK/353/01112c7dac5cf464?fn=Dracula%20eBook_v1.0_apkpure.com.apk&k=b1b4fa84e51ccf4311c658306ce996a15724c70b&p=com.appmk.book.AOUSEEXRERUCAIJXS&c=1%7CBOOKS_AND_REFERENCE
"Tenzi Za Rohoni",books_and_reference,"1.0.3","Jan 29 2015","Android 4.0+",39.1 MB,"Goodhopedesigns and Informatics",https://download.apkpure.com/c/APK/336/01106342eccedfe1?fn=Tenzi%20Za%20Rohoni_v1.0.3_apkpure.com.apk&k=dab799f3c3d3418dcc6bee6e790a873f5724c70b&p=com.goodhopedesigns.tenzizarohoni&c=1%7CBOOKS_AND_REFERENCE
"50000 Free eBooks & AudioBooks",books_and_reference,"4.3.2","Apr 08 2016","Android 4.1+",9.1 MB,"Oodles",https://download.apkpure.com/c/APK/1136/0172f527f4578785?fn=50000%20Free%20eBooks%20AudioBooks_v4.3.2_apkpure.com.apk&k=7439fe0d13a13538b93dec1ed2e92f6f5724c70b&p=com.oodles.download.free.ebooks.reader&c=1%7CBOOKS_AND_REFERENCE
"북큐브 전자도서관",books_and_reference,"1.3.24","Mar 14 2016","Android 2.2+",27.9 MB,"(주)북큐브네트웍스",https://download.apkpure.com/c/APK/720/0135882e92844f42?fn=%EB%B6%81%ED%81%90%EB%B8%8C%20%EC%A0%84%EC%9E%90%EB%8F%84%EC%84%9C%EA%B4%80_v1.3.24_apkpure.com.apk&k=b418702d48861388e71f6b113e1c53745724c70b&p=com.bookcube.digitallibrary&c=1%7CBOOKS_AND_REFERENCE
"Quran - Mushaf Tajweed",books_and_reference,"4.0","Sep 22 2015","Android 2.3.2+",47.2 MB,"simppro",https://download.apkpure.com/c/APK/437/011834b5cbcfeabc?fn=Quran%20Mushaf%20Tajweed_v4.0_apkpure.com.apk&k=b6294bb154a9de1306e59f3dfa3b1d945724c70b&p=com.maher4web.quranHafsMojawad&c=1%7CBOOKS_AND_REFERENCE
"Quran",books_and_reference,"1.0","Apr 08 2013","Android 2.2+",15.2 MB,"Arabia For Information & Technology",https://download.apkpure.com/c/APK/843/01458efe435824e4?fn=Quran_v1.0_apkpure.com.apk&k=e15a7b52901e2278236f1a82a1a3f24f5724c70b&p=com.arabiait.quranothmani&c=1%7CBOOKS_AND_REFERENCE
"মীরাক্কেল-এর গল্প-Mirakkel",books_and_reference,"1.4","Nov 21 2014","Android 2.2+",2.2 MB,"Firoz Khan",https://download.apkpure.com/c/APK/327/010f862b44b1cdfc?fn=%E0%A6%AE%E0%A7%80%E0%A6%B0%E0%A6%BE%E0%A6%95%E0%A7%8D%E0%A6%95%E0%A7%87%E0%A6%B2%20%E0%A6%8F%E0%A6%B0%20%E0%A6%97%E0%A6%B2%E0%A7%8D%E0%A6%AA%20Mirakkel_v1.4_apkpure.com.apk&k=e7a9ef4b8b1f830bf4618f30747e60e15724c70b&p=firebox.education.mirakkel&c=1%7CBOOKS_AND_REFERENCE
"Translator Dictionary",books_and_reference,"1.3","Dec 13 2015","Android 2.3.2+",1.7 MB,"Apps Games Inc",https://download.apkpure.com/c/APK/548/012188be2f7e25c8?fn=Translator%20Dictionary_v1.3_apkpure.com.apk&k=22d3bac0937fef77f7695cb5cc7c8fe15724c70b&p=appsgamesinc.translatordictionary&c=1%7CBOOKS_AND_REFERENCE
"교보문고 eBook - e세상의 모든 전자책",books_and_reference,"2.5.0","Mar 28 2016","Android 4.0+",47.3 MB,"KYOBO BOOK CENTRE",https://download.apkpure.com/c/APK/1044/015e99c1b868019a?fn=%EA%B5%90%EB%B3%B4%EB%AC%B8%EA%B3%A0%20eBook%20e%EC%84%B8%EC%83%81%EC%9D%98%20%EB%AA%A8%EB%93%A0%20%EC%A0%84%EC%9E%90%EC%B1%85_v2.5.0_apkpure.com.apk&k=6b74483d771d427ab121f2b2895e7d3a5724c70b&p=com.kyobo.ebook.common.b2c&c=1%7CBOOKS_AND_REFERENCE
"NKJV Bible ( New King James )",books_and_reference,"3.1","Aug 07 2015","Android 4.0.3+",6.9 MB,"Bible Study Org",https://download.apkpure.com/c/APK/330/010fa753f6f2c145?fn=NKJV%20Bible%20New%20King%20James_v3.1_apkpure.com.apk&k=9ae3589edc3d42bbe233e6f8a1bcece05724c70b&p=com.bible.nkjv&c=1%7CBOOKS_AND_REFERENCE
"German Dictionary Offline",books_and_reference,"3.0","Mar 03 2016","Android 2.3.4+",19.8 MB,"Livio",https://download.apkpure.com/c/APK/236/010721f7e4349577?fn=German%20Dictionary%20Offline_v3.0_apkpure.com.apk&k=725d9b88915a6aafb8eb4d2528b46d2f5724c70b&p=livio.pack.lang.de_DE&c=1%7CBOOKS_AND_REFERENCE
"Bangla to Bangla Dictionary",books_and_reference,"Neon","Nov 02 2015","Android 2.3.2+",5.6 MB,"Bappi",https://download.apkpure.com/c/APK/499/011c4cc986cb2132?fn=Bangla%20to%20Bangla%20Dictionary_vNeon_apkpure.com.apk&k=633bebcb4a941d51b7e8829f3e9c849b5724c70b&p=com.dict.bnbn&c=1%7CBOOKS_AND_REFERENCE
"FHX SERVER COC",books_and_reference,"1.0","Jan 24 2016","Android 3.0+",5.5 MB,"Bening Studio",https://download.apkpure.com/c/APK/713/0131357417bfef2b?fn=FHX%20SERVER%20COC_v1.0_apkpure.com.apk&k=9a871f9797e899c323ceee2c534183635724c70b&p=com.bening.guidecoc&c=1%7CBOOKS_AND_REFERENCE
"Biology Dictionary",books_and_reference,"8.9","Mar 12 2016","Android 2.3.4+",3.5 MB,"Best Recommendation",https://download.apkpure.com/c/APK/708/01301ea8d4adab24?fn=Biology%20Dictionary_v8.9_apkpure.com.apk&k=126a3316b017a9e4ea6a2ab2f0f511525724c70b&p=best_recommendation.biology.dictionary&c=1%7CBOOKS_AND_REFERENCE
"Auto-Data",books_and_reference,"1.0.2","Mar 02 2015","Android 2.2+",2.0 MB,"Auto-Data.net",https://download.apkpure.com/c/APK/821/0143b24e91bfbeb2?fn=Auto%20Data_v1.0.2_apkpure.com.apk&k=4f9b0137f53b34dfce1c7c403560dc6f5724c70b&p=com.AutoData.app&c=1%7CBOOKS_AND_REFERENCE
"18+ সেক্সি জোক্স",books_and_reference,"1.2","Mar 17 2016","Android 2.2+",1.6 MB,"Firoz Khan",https://download.apkpure.com/c/APK/797/013f44aa196a670b?fn=18%20%E0%A6%B8%E0%A7%87%E0%A6%95%E0%A7%8D%E0%A6%B8%E0%A6%BF%20%E0%A6%9C%E0%A7%8B%E0%A6%95%E0%A7%8D%E0%A6%B8_v1.2_apkpure.com.apk&k=12cac5be67b4f68eac88012894c2d8cc5724c70b&p=firebox.education.eighteenplus&c=1%7CBOOKS_AND_REFERENCE
"Bangla Golpo",books_and_reference,"0.0.7","Feb 02 2016","Android 4.0+",4.5 MB,"L A TECH BD",https://download.apkpure.com/c/APK/701/0134574d3fd4e6c8?fn=Bangla%20Golpo_v0.0.7_apkpure.com.apk&k=1a42d087de818ff7deefaa52823877c85724c70b&p=com.latechbd.banglagolpo&c=1%7CBOOKS_AND_REFERENCE
"La Sainte Bible, Louis Segond",books_and_reference,"1.2","Jul 02 2014","Android 1.6+",1.9 MB,"Solvus Lab",https://download.apkpure.com/c/APK/250/010a86fbf08286e5?fn=La%20Sainte%20Bible%20Louis%20Segond_v1.2_apkpure.com.apk&k=1c2623a7f4a12a73219b404c90ddd97f5724c75a&p=com.solvus_lab.android.BibleFR_lsv&c=1%7CBOOKS_AND_REFERENCE
"ECBook",books_and_reference,"2.0.0.5","Apr 07 2016","Android 3.0+",10.6 MB,"Evercoss",https://download.apkpure.com/c/APK/1133/0173283f8400940f?fn=ECBook_v2.0.0.5_apkpure.com.apk&k=e2dc8e1bc39e095d15fc2fbb6d2559d25724c75a&p=com.evercoss.pustaka&c=1%7CBOOKS_AND_REFERENCE
"텍뷰(텍스트뷰어)",books_and_reference,"3.9.7","Jan 28 2015","Android 2.2+",670.2 KB,"TekView",https://download.apkpure.com/c/APK/281/010bde11cebbc333?fn=%ED%85%8D%EB%B7%B0%20%ED%85%8D%EC%8A%A4%ED%8A%B8%EB%B7%B0%EC%96%B4_v3.9.7_apkpure.com.apk&k=9af7ca24361922286cc3ff7a81d3c7235724c75a&p=com.ptculi.tekview&c=1%7CBOOKS_AND_REFERENCE
"Pokedex - Dexter",books_and_reference,"2.6.1","Jul 14 2015","Android 3.0+",12.1 MB,"Awestruck",https://download.apkpure.com/c/APK/909/014a8b8f813b46da?fn=Pokedex%20Dexter_v2.6.1_apkpure.com.apk&k=fe5f32c6ab34c3f158c3d9acae6593225724c75a&p=com.awestruck.poke&c=1%7CBOOKS_AND_REFERENCE
"Text Reader",books_and_reference,"3.2.7","Mar 21 2016","Android 1.5+",74.5 KB,"Penza Software",https://download.apkpure.com/c/APK/1004/01511d6bdb444d9f?fn=Text%20Reader_v3.2.7_apkpure.com.apk&k=d4c389e391ce442b0fadb3cb5cd7096d5724c75a&p=com.penzasoft.textreader&c=1%7CBOOKS_AND_REFERENCE
"Building Ideas MCPE HOUSE MOD",books_and_reference,"1.0","Jun 24 2015","Android 2.3.2+",6.8 MB,"NongNuy",https://download.apkpure.com/c/APK/879/01469c251009bb1f?fn=Building%20Ideas%20MCPE%20HOUSE%20MOD_v1.0_apkpure.com.apk&k=32669a77e865047af4c08fbf214004035724c75a&p=com.sgmcpe.mc1&c=1%7CBOOKS_AND_REFERENCE
"Signification Prénom",books_and_reference,"1.6","Feb 11 2015","Android 2.3.2+",17.8 MB,"Your Smart Apps",https://download.apkpure.com/c/APK/914/014a69d6c782cbf1?fn=Signification%20Pr%C3%A9nom_v1.6_apkpure.com.apk&k=0788ee878b51cb597107e592ad6bd9ff5724c75a&p=signification.prenom.francais&c=1%7CBOOKS_AND_REFERENCE
"কম্পিউটার প্রোগ্রামিং বই",books_and_reference,"1.2","Mar 04 2015","Android 3.0+",4.6 MB,"Mukto Software Ltd.",https://download.apkpure.com/c/APK/290/010d0909145a2417?fn=%E0%A6%95%E0%A6%AE%E0%A7%8D%E0%A6%AA%E0%A6%BF%E0%A6%89%E0%A6%9F%E0%A6%BE%E0%A6%B0%20%E0%A6%AA%E0%A7%8D%E0%A6%B0%E0%A7%8B%E0%A6%97%E0%A7%8D%E0%A6%B0%E0%A6%BE%E0%A6%AE%E0%A6%BF%E0%A6%82%20%E0%A6%AC%E0%A6%87_v1.2_apkpure.com.apk&k=73e6dfcd9895c9e94752b48f05c928715724c75a&p=com.muktosoft.cpbook&c=1%7CBOOKS_AND_REFERENCE
"English Tagalog Dictionary",books_and_reference,"2.4","Apr 03 2016","Android 2.3.2+",2.8 MB,"NDT",null
"追书神器-免费小说阅读器(支持繁体),TXT电子图书BOOK",books_and_reference,"3.54","Apr 22 2016","Android 2.3.2+",10.2 MB,"上海戴思",https://download.apkpure.com/c/APK/1213/018c3098859ca5c3?fn=%E8%BF%BD%E4%B9%A6%E7%A5%9E%E5%99%A8%20%E5%85%8D%E8%B4%B9%E5%B0%8F%E8%AF%B4%E9%98%85%E8%AF%BB%E5%99%A8%20%E6%94%AF%E6%8C%81%E7%B9%81%E4%BD%93%20TXT%E7%94%B5%E5%AD%90%E5%9B%BE%E4%B9%A6BOOK_v3.54_apkpure.com.apk&k=33c2187964c682dd8247ea848015271f5724c75a&p=com.ushaqi.zhuishushenqi&c=1%7CBOOKS_AND_REFERENCE
"Urdu to Urdu Dictionary",books_and_reference,"1.1","Nov 05 2015","Android 4.0+",2.2 MB,"ZabibTech",null
"Tutorials Shadowmatic",books_and_reference,"1.0","Jul 02 2015","Android 4.0+",4.6 MB,"G-Wikis",https://download.apkpure.com/c/APK/859/014543db933f1452?fn=Tutorials%20Shadowmatic_v1.0_apkpure.com.apk&k=9f75caa27fef40b76ce2ce8e884634515724c75a&p=com.mts.shadowmatic&c=1%7CBOOKS_AND_REFERENCE
"CLEO Mod Collection for GTA SA",books_and_reference,"1.1","Dec 17 2015","Android 4.0+",25.5 MB,"ExpertArts Studio",https://download.apkpure.com/c/APK/506/011d592732ef76ab?fn=CLEO%20Mod%20Collection%20for%20GTA%20SA_v1.1_apkpure.com.apk&k=150b94142223539ee6c186e243df645e5724c75a&p=com.expertarts.clientgf&c=1%7CBOOKS_AND_REFERENCE
"Snail reader BETA",books_and_reference,"1.3.9","Mar 16 2016","Android 4.0+",5.9 MB,"snail team",https://download.apkpure.com/c/APK/779/013c578aa05fd3fb?fn=Snail%20reader%20BETA_v1.3.9_apkpure.com.apk&k=f035d7c1597a2e6a3814a6a53a8d3ef15724c75a&p=com.papyrus.mehdok.snail&c=1%7CBOOKS_AND_REFERENCE
"Word Book English to Bengali",books_and_reference,"2.4","Jan 22 2016","Android 2.2+",1.6 MB,"dreamBDIt",https://download.apkpure.com/c/APK/634/012fe1b4e62cd86d?fn=Word%20Book%20English%20to%20Bengali_v2.4_apkpure.com.apk&k=625bb78cbc435da8ac061fdd912864d35724c75a&p=com.wrdbk.engbangla&c=1%7CBOOKS_AND_REFERENCE
"Christian Hymn Book",books_and_reference,"1.8","Jan 15 2016","Android 2.3.2+",3.5 MB,"Chamath Silva",https://download.apkpure.com/c/APK/725/012cb58c6ffd1161?fn=Christian%20Hymn%20Book_v1.8_apkpure.com.apk&k=10bd3cc7b34a467570cf45749448be805724c75a&p=com.chamathweb.androidapp.christianhymnbook&c=1%7CBOOKS_AND_REFERENCE
"Wikipedia Beta",books_and_reference,"2.1.143-beta-2016-03-16","Mar 16 2016","Android 4.0.3+",13.1 MB,"Wikimedia Foundation",https://download.apkpure.com/c/APK/791/013dc5374ecd5814?fn=Wikipedia%20Beta_v2.1.143-beta-2016-03-16_apkpure.com.apk&k=3c3a7a26e9287d4066ca2f3acb60dbb45724c75a&p=org.wikipedia.beta&c=1%7CBOOKS_AND_REFERENCE
"المصحف",books_and_reference,"2.3.4","Apr 17 2016","Android 2.3.4+",34.5 MB,"A.Abdo",https://download.apkpure.com/c/APK/1191/0182faa611003445?fn=%D8%A7%D9%84%D9%85%D8%B5%D8%AD%D9%81_v2.3.4_apkpure.com.apk&k=5807d9083727b8fddda9c84984ed5d045724c75a&p=com.abdo.quran&c=1%7CBOOKS_AND_REFERENCE
"শিক্ষামূলক গল্প ও ঘটনা - Golpo",books_and_reference,"0.0.2","May 21 2015","Android 2.3.4+",1.9 MB,"FinalApps",https://download.apkpure.com/c/APK/283/010b8bacbd6d6322?fn=%E0%A6%B6%E0%A6%BF%E0%A6%95%E0%A7%8D%E0%A6%B7%E0%A6%BE%E0%A6%AE%E0%A7%82%E0%A6%B2%E0%A6%95%20%E0%A6%97%E0%A6%B2%E0%A7%8D%E0%A6%AA%20%E0%A6%93%20%E0%A6%98%E0%A6%9F%E0%A6%A8%E0%A6%BE%20Golpo_v0.0.2_apkpure.com.apk&k=f84081287da1a59a369f6677bf4a00b25724c75a&p=com.finalapps.inspirationalstories&c=1%7CBOOKS_AND_REFERENCE
"Tips for Neo Monsters",books_and_reference,"1.0.1","Nov 03 2015","Android 2.3.2+",8.3 MB,"MaKeelio Studio",https://download.apkpure.com/c/APK/507/011daa3d83bf5d36?fn=Tips%20for%20Neo%20Monsters_v1.0.1_apkpure.com.apk&k=d5f5e920b48c90963f08e6341af5b1fd5724c75a&p=com.font.org.simplegp&c=1%7CBOOKS_AND_REFERENCE
